-- Crear usuario CRM_USER
ALTER SESSION SET CONTAINER = XEPDB1;
CREATE USER crm_user IDENTIFIED BY crm123;
GRANT ALL PRIVILEGES TO crm_user;
ALTER USER crm_user QUOTA UNLIMITED ON USERS;


-- Cambiar al usuario CRM_USER
ALTER SESSION SET CURRENT_SCHEMA = CRM_USER;


-- Eliminamos las tablas si ya existen
BEGIN
    EXECUTE IMMEDIATE 'DROP TABLE CRM_USER.Ventas CASCADE CONSTRAINTS';
    EXECUTE IMMEDIATE 'DROP TABLE CRM_USER.Visitas CASCADE CONSTRAINTS';
    EXECUTE IMMEDIATE 'DROP TABLE CRM_USER.Clientes CASCADE CONSTRAINTS';
    EXECUTE IMMEDIATE 'DROP TABLE CRM_USER.Ejecutivos CASCADE CONSTRAINTS';
    EXECUTE IMMEDIATE 'DROP TABLE CRM_USER.Ventas_Errores CASCADE CONSTRAINTS';
    EXECUTE IMMEDIATE 'DROP TABLE CRM_USER.CRM_USER.Staging_Ventas CASCADE CONSTRAINTS';
EXCEPTION
    WHEN OTHERS THEN NULL;
END;
/

-- =========================================
-- TABLA: EJECUTIVOS
-- =========================================
CREATE TABLE CRM_USER.Ejecutivos
(
    IdEjecutivo Number GENERATED BY DEFAULT AS IDENTITY PRIMARY KEY,
    Nombre      Varchar(50) NOT NULL,
    Apellido    Varchar(50) NOT NULL
);

-- =========================================
-- TABLA: CLIENTES
-- =========================================
CREATE TABLE CRM_USER.Clientes
(
    IdCliente Number GENERATED BY DEFAULT AS IDENTITY PRIMARY KEY,
    Nombre    Varchar(50) NOT NULL,
    Apellido  Varchar(50) NOT NULL,
    Direccion Varchar(100),
    Telefono  Varchar(20)
);

-- =========================================
-- TABLA: VISITAS
-- =========================================
CREATE TABLE CRM_USER.Visitas
(
    IdVisita    Number GENERATED BY DEFAULT AS IDENTITY PRIMARY KEY,
    IdCliente   Number NOT NULL,
    IdEjecutivo Number NOT NULL,
    FechaVisita Date   NOT NULL,
    Resultado   Varchar(100),
    CONSTRAINT fk_visita_cliente FOREIGN KEY (IdCliente) REFERENCES Clientes (IdCliente),
    CONSTRAINT fk_visita_ejecutivo FOREIGN KEY (IdEjecutivo) REFERENCES Ejecutivos (IdEjecutivo)
);

-- =========================================
-- TABLA: VENTAS
-- =========================================
CREATE TABLE CRM_USER.Ventas
(
    IdVenta    Number GENERATED BY DEFAULT AS IDENTITY PRIMARY KEY,
    IdCliente  Number        NOT NULL,
    FechaVenta Date          NOT NULL,
    Monto      Number(10, 2) NOT NULL,
    Producto   Varchar(100),
    CONSTRAINT fk_venta_cliente FOREIGN KEY (IdCliente) REFERENCES Clientes (IdCliente)
);

-- =========================================
-- TABLA: VENTAS_ERRORES
-- =========================================
CREATE TABLE CRM_USER.Ventas_Errores
(
    IdVenta       Int,
    IdCliente     Int,
    FechaVenta    Varchar(50),
    Monto         Varchar(50),
    Producto      Varchar(100),
    MotivoError   Varchar(255),
    FechaRegistro Date DEFAULT SYSDATE
);

-- =========================================
-- TABLA: STAGING_VENTAS
-- =========================================
CREATE TABLE CRM_USER.Staging_Ventas
(
    IdVenta    Int,
    IdCliente  Int,
    FechaVenta Date,
    Monto      Decimal(18, 2),
    Producto   Varchar(100)
);


-- =========================================
-- VISTA: VW_PRODUCTIVIDAD_EJECUTIVOS
-- =========================================

CREATE OR REPLACE VIEW CRM_USER.VW_PRODUCTIVIDAD_EJECUTIVOS AS
SELECT e.IdEjecutivo,
       e.Nombre || ' ' || e.Apellido                                            AS ejecutivo,
       COUNT(DISTINCT v.IdVisita)                                               AS Total_visitas,
       COUNT(DISTINCT ve.IdVenta)                                               AS Total_ventas,
       SUM(ve.Monto)                                                            AS Monto_total_vendido,
       COUNT(DISTINCT ve.IdVenta) * 1.0 / NULLIF(COUNT(DISTINCT v.IdVisita), 0) AS Ratio_ventas_por_visita
FROM Ejecutivos e
         LEFT JOIN Visitas v ON e.IdEjecutivo = v.IdEjecutivo
         LEFT JOIN Ventas ve ON ve.IdCliente = v.IdCliente
GROUP BY e.IdEjecutivo, e.Nombre, e.Apellido
ORDER BY Monto_total_vendido DESC;



-- =========================================
-- INSERTAR DATOS EN EJECUTIVOS
-- =========================================
INSERT INTO CRM_USER.EJECUTIVOS (IDEJECUTIVO, NOMBRE, APELLIDO)
VALUES (1, 'Ejecutivo1', 'Apellido1');
INSERT INTO CRM_USER.EJECUTIVOS (IDEJECUTIVO, NOMBRE, APELLIDO)
VALUES (2, 'Ejecutivo2', 'Apellido2');
INSERT INTO CRM_USER.EJECUTIVOS (IDEJECUTIVO, NOMBRE, APELLIDO)
VALUES (3, 'Ejecutivo3', 'Apellido3');
INSERT INTO CRM_USER.EJECUTIVOS (IDEJECUTIVO, NOMBRE, APELLIDO)
VALUES (4, 'Ejecutivo4', 'Apellido4');
INSERT INTO CRM_USER.EJECUTIVOS (IDEJECUTIVO, NOMBRE, APELLIDO)
VALUES (5, 'Ejecutivo5', 'Apellido5');
INSERT INTO CRM_USER.EJECUTIVOS (IDEJECUTIVO, NOMBRE, APELLIDO)
VALUES (6, 'Ejecutivo6', 'Apellido6');
INSERT INTO CRM_USER.EJECUTIVOS (IDEJECUTIVO, NOMBRE, APELLIDO)
VALUES (7, 'Ejecutivo7', 'Apellido7');
INSERT INTO CRM_USER.EJECUTIVOS (IDEJECUTIVO, NOMBRE, APELLIDO)
VALUES (8, 'Ejecutivo8', 'Apellido8');
INSERT INTO CRM_USER.EJECUTIVOS (IDEJECUTIVO, NOMBRE, APELLIDO)
VALUES (9, 'Ejecutivo9', 'Apellido9');
INSERT INTO CRM_USER.EJECUTIVOS (IDEJECUTIVO, NOMBRE, APELLIDO)
VALUES (10, 'Ejecutivo10', 'Apellido10');
COMMIT;

-- =========================================
-- INSERTAR DATOS EN CLIENTES
-- =========================================
INSERT INTO CRM_USER.CLIENTES (IDCLIENTE, NOMBRE, APELLIDO, DIRECCION, TELEFONO)
VALUES (1, 'Cliente1', 'Apellido1', 'Calle 1', '809-555-1000');
INSERT INTO CRM_USER.CLIENTES (IDCLIENTE, NOMBRE, APELLIDO, DIRECCION, TELEFONO)
VALUES (2, 'Cliente2', 'Apellido2', 'Calle 2', '809-555-1001');
INSERT INTO CRM_USER.CLIENTES (IDCLIENTE, NOMBRE, APELLIDO, DIRECCION, TELEFONO)
VALUES (3, 'Cliente3', 'Apellido3', 'Calle 3', '809-555-1002');
INSERT INTO CRM_USER.CLIENTES (IDCLIENTE, NOMBRE, APELLIDO, DIRECCION, TELEFONO)
VALUES (4, 'Cliente4', 'Apellido4', 'Calle 4', '809-555-1003');
INSERT INTO CRM_USER.CLIENTES (IDCLIENTE, NOMBRE, APELLIDO, DIRECCION, TELEFONO)
VALUES (5, 'Cliente5', 'Apellido5', 'Calle 5', '809-555-1004');
INSERT INTO CRM_USER.CLIENTES (IDCLIENTE, NOMBRE, APELLIDO, DIRECCION, TELEFONO)
VALUES (6, 'Cliente6', 'Apellido6', 'Calle 6', '809-555-1005');
INSERT INTO CRM_USER.CLIENTES (IDCLIENTE, NOMBRE, APELLIDO, DIRECCION, TELEFONO)
VALUES (7, 'Cliente7', 'Apellido7', 'Calle 7', '809-555-1006');
INSERT INTO CRM_USER.CLIENTES (IDCLIENTE, NOMBRE, APELLIDO, DIRECCION, TELEFONO)
VALUES (8, 'Cliente8', 'Apellido8', 'Calle 8', '809-555-1007');
INSERT INTO CRM_USER.CLIENTES (IDCLIENTE, NOMBRE, APELLIDO, DIRECCION, TELEFONO)
VALUES (9, 'Cliente9', 'Apellido9', 'Calle 9', '809-555-1008');
INSERT INTO CRM_USER.CLIENTES (IDCLIENTE, NOMBRE, APELLIDO, DIRECCION, TELEFONO)
VALUES (10, 'Cliente10', 'Apellido10', 'Calle 10', '809-555-1009');
INSERT INTO CRM_USER.CLIENTES (IDCLIENTE, NOMBRE, APELLIDO, DIRECCION, TELEFONO)
VALUES (11, 'Cliente11', 'Apellido11', 'Calle 11', '809-555-1010');
INSERT INTO CRM_USER.CLIENTES (IDCLIENTE, NOMBRE, APELLIDO, DIRECCION, TELEFONO)
VALUES (12, 'Cliente12', 'Apellido12', 'Calle 12', '809-555-1011');
INSERT INTO CRM_USER.CLIENTES (IDCLIENTE, NOMBRE, APELLIDO, DIRECCION, TELEFONO)
VALUES (13, 'Cliente13', 'Apellido13', 'Calle 13', '809-555-1012');
INSERT INTO CRM_USER.CLIENTES (IDCLIENTE, NOMBRE, APELLIDO, DIRECCION, TELEFONO)
VALUES (14, 'Cliente14', 'Apellido14', 'Calle 14', '809-555-1013');
INSERT INTO CRM_USER.CLIENTES (IDCLIENTE, NOMBRE, APELLIDO, DIRECCION, TELEFONO)
VALUES (15, 'Cliente15', 'Apellido15', 'Calle 15', '809-555-1014');
INSERT INTO CRM_USER.CLIENTES (IDCLIENTE, NOMBRE, APELLIDO, DIRECCION, TELEFONO)
VALUES (16, 'Cliente16', 'Apellido16', 'Calle 16', '809-555-1015');
INSERT INTO CRM_USER.CLIENTES (IDCLIENTE, NOMBRE, APELLIDO, DIRECCION, TELEFONO)
VALUES (17, 'Cliente17', 'Apellido17', 'Calle 17', '809-555-1016');
INSERT INTO CRM_USER.CLIENTES (IDCLIENTE, NOMBRE, APELLIDO, DIRECCION, TELEFONO)
VALUES (18, 'Cliente18', 'Apellido18', 'Calle 18', '809-555-1017');
INSERT INTO CRM_USER.CLIENTES (IDCLIENTE, NOMBRE, APELLIDO, DIRECCION, TELEFONO)
VALUES (19, 'Cliente19', 'Apellido19', 'Calle 19', '809-555-1018');
INSERT INTO CRM_USER.CLIENTES (IDCLIENTE, NOMBRE, APELLIDO, DIRECCION, TELEFONO)
VALUES (20, 'Cliente20', 'Apellido20', 'Calle 20', '809-555-1019');
INSERT INTO CRM_USER.CLIENTES (IDCLIENTE, NOMBRE, APELLIDO, DIRECCION, TELEFONO)
VALUES (21, 'Cliente21', 'Apellido21', 'Calle 21', '809-555-1020');
INSERT INTO CRM_USER.CLIENTES (IDCLIENTE, NOMBRE, APELLIDO, DIRECCION, TELEFONO)
VALUES (22, 'Cliente22', 'Apellido22', 'Calle 22', '809-555-1021');
INSERT INTO CRM_USER.CLIENTES (IDCLIENTE, NOMBRE, APELLIDO, DIRECCION, TELEFONO)
VALUES (23, 'Cliente23', 'Apellido23', 'Calle 23', '809-555-1022');
INSERT INTO CRM_USER.CLIENTES (IDCLIENTE, NOMBRE, APELLIDO, DIRECCION, TELEFONO)
VALUES (24, 'Cliente24', 'Apellido24', 'Calle 24', '809-555-1023');
INSERT INTO CRM_USER.CLIENTES (IDCLIENTE, NOMBRE, APELLIDO, DIRECCION, TELEFONO)
VALUES (25, 'Cliente25', 'Apellido25', 'Calle 25', '809-555-1024');
INSERT INTO CRM_USER.CLIENTES (IDCLIENTE, NOMBRE, APELLIDO, DIRECCION, TELEFONO)
VALUES (26, 'Cliente26', 'Apellido26', 'Calle 26', '809-555-1025');
INSERT INTO CRM_USER.CLIENTES (IDCLIENTE, NOMBRE, APELLIDO, DIRECCION, TELEFONO)
VALUES (27, 'Cliente27', 'Apellido27', 'Calle 27', '809-555-1026');
INSERT INTO CRM_USER.CLIENTES (IDCLIENTE, NOMBRE, APELLIDO, DIRECCION, TELEFONO)
VALUES (28, 'Cliente28', 'Apellido28', 'Calle 28', '809-555-1027');
INSERT INTO CRM_USER.CLIENTES (IDCLIENTE, NOMBRE, APELLIDO, DIRECCION, TELEFONO)
VALUES (29, 'Cliente29', 'Apellido29', 'Calle 29', '809-555-1028');
INSERT INTO CRM_USER.CLIENTES (IDCLIENTE, NOMBRE, APELLIDO, DIRECCION, TELEFONO)
VALUES (30, 'Cliente30', 'Apellido30', 'Calle 30', '809-555-1029');
INSERT INTO CRM_USER.CLIENTES (IDCLIENTE, NOMBRE, APELLIDO, DIRECCION, TELEFONO)
VALUES (31, 'Cliente31', 'Apellido31', 'Calle 31', '809-555-1030');
INSERT INTO CRM_USER.CLIENTES (IDCLIENTE, NOMBRE, APELLIDO, DIRECCION, TELEFONO)
VALUES (32, 'Cliente32', 'Apellido32', 'Calle 32', '809-555-1031');
INSERT INTO CRM_USER.CLIENTES (IDCLIENTE, NOMBRE, APELLIDO, DIRECCION, TELEFONO)
VALUES (33, 'Cliente33', 'Apellido33', 'Calle 33', '809-555-1032');
INSERT INTO CRM_USER.CLIENTES (IDCLIENTE, NOMBRE, APELLIDO, DIRECCION, TELEFONO)
VALUES (34, 'Cliente34', 'Apellido34', 'Calle 34', '809-555-1033');
INSERT INTO CRM_USER.CLIENTES (IDCLIENTE, NOMBRE, APELLIDO, DIRECCION, TELEFONO)
VALUES (35, 'Cliente35', 'Apellido35', 'Calle 35', '809-555-1034');
INSERT INTO CRM_USER.CLIENTES (IDCLIENTE, NOMBRE, APELLIDO, DIRECCION, TELEFONO)
VALUES (36, 'Cliente36', 'Apellido36', 'Calle 36', '809-555-1035');
INSERT INTO CRM_USER.CLIENTES (IDCLIENTE, NOMBRE, APELLIDO, DIRECCION, TELEFONO)
VALUES (37, 'Cliente37', 'Apellido37', 'Calle 37', '809-555-1036');
INSERT INTO CRM_USER.CLIENTES (IDCLIENTE, NOMBRE, APELLIDO, DIRECCION, TELEFONO)
VALUES (38, 'Cliente38', 'Apellido38', 'Calle 38', '809-555-1037');
INSERT INTO CRM_USER.CLIENTES (IDCLIENTE, NOMBRE, APELLIDO, DIRECCION, TELEFONO)
VALUES (39, 'Cliente39', 'Apellido39', 'Calle 39', '809-555-1038');
INSERT INTO CRM_USER.CLIENTES (IDCLIENTE, NOMBRE, APELLIDO, DIRECCION, TELEFONO)
VALUES (40, 'Cliente40', 'Apellido40', 'Calle 40', '809-555-1039');
INSERT INTO CRM_USER.CLIENTES (IDCLIENTE, NOMBRE, APELLIDO, DIRECCION, TELEFONO)
VALUES (41, 'Cliente41', 'Apellido41', 'Calle 41', '809-555-1040');
INSERT INTO CRM_USER.CLIENTES (IDCLIENTE, NOMBRE, APELLIDO, DIRECCION, TELEFONO)
VALUES (42, 'Cliente42', 'Apellido42', 'Calle 42', '809-555-1041');
INSERT INTO CRM_USER.CLIENTES (IDCLIENTE, NOMBRE, APELLIDO, DIRECCION, TELEFONO)
VALUES (43, 'Cliente43', 'Apellido43', 'Calle 43', '809-555-1042');
INSERT INTO CRM_USER.CLIENTES (IDCLIENTE, NOMBRE, APELLIDO, DIRECCION, TELEFONO)
VALUES (44, 'Cliente44', 'Apellido44', 'Calle 44', '809-555-1043');
INSERT INTO CRM_USER.CLIENTES (IDCLIENTE, NOMBRE, APELLIDO, DIRECCION, TELEFONO)
VALUES (45, 'Cliente45', 'Apellido45', 'Calle 45', '809-555-1044');
INSERT INTO CRM_USER.CLIENTES (IDCLIENTE, NOMBRE, APELLIDO, DIRECCION, TELEFONO)
VALUES (46, 'Cliente46', 'Apellido46', 'Calle 46', '809-555-1045');
INSERT INTO CRM_USER.CLIENTES (IDCLIENTE, NOMBRE, APELLIDO, DIRECCION, TELEFONO)
VALUES (47, 'Cliente47', 'Apellido47', 'Calle 47', '809-555-1046');
INSERT INTO CRM_USER.CLIENTES (IDCLIENTE, NOMBRE, APELLIDO, DIRECCION, TELEFONO)
VALUES (48, 'Cliente48', 'Apellido48', 'Calle 48', '809-555-1047');
INSERT INTO CRM_USER.CLIENTES (IDCLIENTE, NOMBRE, APELLIDO, DIRECCION, TELEFONO)
VALUES (49, 'Cliente49', 'Apellido49', 'Calle 49', '809-555-1048');
INSERT INTO CRM_USER.CLIENTES (IDCLIENTE, NOMBRE, APELLIDO, DIRECCION, TELEFONO)
VALUES (50, 'Cliente50', 'Apellido50', 'Calle 50', '809-555-1049');
COMMIT;

-- =========================================
-- INSERTAR DATOS EN VISITAS
-- =========================================
INSERT INTO CRM_USER.VISITAS (IDVISITA, IDCLIENTE, IDEJECUTIVO, FECHAVISITA, RESULTADO)
VALUES (1, 39, 2, TIMESTAMP '2024-11-30 17:04:23', 'Interesado');
INSERT INTO CRM_USER.VISITAS (IDVISITA, IDCLIENTE, IDEJECUTIVO, FECHAVISITA, RESULTADO)
VALUES (2, 29, 1, TIMESTAMP '2025-08-27 17:04:23', 'Pendiente');
INSERT INTO CRM_USER.VISITAS (IDVISITA, IDCLIENTE, IDEJECUTIVO, FECHAVISITA, RESULTADO)
VALUES (3, 15, 7, TIMESTAMP '2025-10-11 17:04:23', 'Interesado');
INSERT INTO CRM_USER.VISITAS (IDVISITA, IDCLIENTE, IDEJECUTIVO, FECHAVISITA, RESULTADO)
VALUES (4, 43, 7, TIMESTAMP '2025-06-05 17:04:23', 'Interesado');
INSERT INTO CRM_USER.VISITAS (IDVISITA, IDCLIENTE, IDEJECUTIVO, FECHAVISITA, RESULTADO)
VALUES (5, 8, 8, TIMESTAMP '2025-06-20 17:04:23', 'No interesado');
INSERT INTO CRM_USER.VISITAS (IDVISITA, IDCLIENTE, IDEJECUTIVO, FECHAVISITA, RESULTADO)
VALUES (6, 21, 5, TIMESTAMP '2025-07-01 17:04:23', 'Pendiente');
INSERT INTO CRM_USER.VISITAS (IDVISITA, IDCLIENTE, IDEJECUTIVO, FECHAVISITA, RESULTADO)
VALUES (7, 39, 3, TIMESTAMP '2025-08-13 17:04:23', 'Pendiente');
INSERT INTO CRM_USER.VISITAS (IDVISITA, IDCLIENTE, IDEJECUTIVO, FECHAVISITA, RESULTADO)
VALUES (8, 19, 8, TIMESTAMP '2025-09-01 17:04:23', 'No interesado');
INSERT INTO CRM_USER.VISITAS (IDVISITA, IDCLIENTE, IDEJECUTIVO, FECHAVISITA, RESULTADO)
VALUES (9, 23, 6, TIMESTAMP '2024-11-11 17:04:23', 'No interesado');
INSERT INTO CRM_USER.VISITAS (IDVISITA, IDCLIENTE, IDEJECUTIVO, FECHAVISITA, RESULTADO)
VALUES (10, 11, 3, TIMESTAMP '2025-01-17 17:04:23', 'Pendiente');
INSERT INTO CRM_USER.VISITAS (IDVISITA, IDCLIENTE, IDEJECUTIVO, FECHAVISITA, RESULTADO)
VALUES (11, 11, 1, TIMESTAMP '2025-09-09 17:04:23', 'Pendiente');
INSERT INTO CRM_USER.VISITAS (IDVISITA, IDCLIENTE, IDEJECUTIVO, FECHAVISITA, RESULTADO)
VALUES (12, 24, 3, TIMESTAMP '2024-12-25 17:04:23', 'No interesado');
INSERT INTO CRM_USER.VISITAS (IDVISITA, IDCLIENTE, IDEJECUTIVO, FECHAVISITA, RESULTADO)
VALUES (13, 36, 5, TIMESTAMP '2025-03-21 17:04:23', 'Interesado');
INSERT INTO CRM_USER.VISITAS (IDVISITA, IDCLIENTE, IDEJECUTIVO, FECHAVISITA, RESULTADO)
VALUES (14, 40, 3, TIMESTAMP '2025-10-07 17:04:23', 'Interesado');
INSERT INTO CRM_USER.VISITAS (IDVISITA, IDCLIENTE, IDEJECUTIVO, FECHAVISITA, RESULTADO)
VALUES (15, 24, 1, TIMESTAMP '2025-10-08 17:04:23', 'No interesado');
INSERT INTO CRM_USER.VISITAS (IDVISITA, IDCLIENTE, IDEJECUTIVO, FECHAVISITA, RESULTADO)
VALUES (16, 3, 5, TIMESTAMP '2025-09-06 17:04:23', 'Interesado');
INSERT INTO CRM_USER.VISITAS (IDVISITA, IDCLIENTE, IDEJECUTIVO, FECHAVISITA, RESULTADO)
VALUES (17, 22, 10, TIMESTAMP '2025-07-04 17:04:23', 'No interesado');
INSERT INTO CRM_USER.VISITAS (IDVISITA, IDCLIENTE, IDEJECUTIVO, FECHAVISITA, RESULTADO)
VALUES (18, 2, 7, TIMESTAMP '2025-06-26 17:04:23', 'Interesado');
INSERT INTO CRM_USER.VISITAS (IDVISITA, IDCLIENTE, IDEJECUTIVO, FECHAVISITA, RESULTADO)
VALUES (19, 24, 7, TIMESTAMP '2025-02-07 17:04:23', 'Interesado');
INSERT INTO CRM_USER.VISITAS (IDVISITA, IDCLIENTE, IDEJECUTIVO, FECHAVISITA, RESULTADO)
VALUES (20, 44, 9, TIMESTAMP '2024-12-19 17:04:23', 'Pendiente');
INSERT INTO CRM_USER.VISITAS (IDVISITA, IDCLIENTE, IDEJECUTIVO, FECHAVISITA, RESULTADO)
VALUES (21, 30, 10, TIMESTAMP '2025-10-10 17:04:23', 'Pendiente');
INSERT INTO CRM_USER.VISITAS (IDVISITA, IDCLIENTE, IDEJECUTIVO, FECHAVISITA, RESULTADO)
VALUES (22, 38, 10, TIMESTAMP '2025-01-09 17:04:23', 'Interesado');
INSERT INTO CRM_USER.VISITAS (IDVISITA, IDCLIENTE, IDEJECUTIVO, FECHAVISITA, RESULTADO)
VALUES (23, 2, 3, TIMESTAMP '2025-07-14 17:04:23', 'Interesado');
INSERT INTO CRM_USER.VISITAS (IDVISITA, IDCLIENTE, IDEJECUTIVO, FECHAVISITA, RESULTADO)
VALUES (24, 21, 7, TIMESTAMP '2024-11-25 17:04:23', 'Pendiente');
INSERT INTO CRM_USER.VISITAS (IDVISITA, IDCLIENTE, IDEJECUTIVO, FECHAVISITA, RESULTADO)
VALUES (25, 33, 1, TIMESTAMP '2024-10-29 17:04:23', 'Pendiente');
INSERT INTO CRM_USER.VISITAS (IDVISITA, IDCLIENTE, IDEJECUTIVO, FECHAVISITA, RESULTADO)
VALUES (26, 12, 4, TIMESTAMP '2025-01-17 17:04:23', 'Pendiente');
INSERT INTO CRM_USER.VISITAS (IDVISITA, IDCLIENTE, IDEJECUTIVO, FECHAVISITA, RESULTADO)
VALUES (27, 22, 4, TIMESTAMP '2025-03-23 17:04:23', 'No interesado');
INSERT INTO CRM_USER.VISITAS (IDVISITA, IDCLIENTE, IDEJECUTIVO, FECHAVISITA, RESULTADO)
VALUES (28, 44, 5, TIMESTAMP '2025-07-03 17:04:23', 'Interesado');
INSERT INTO CRM_USER.VISITAS (IDVISITA, IDCLIENTE, IDEJECUTIVO, FECHAVISITA, RESULTADO)
VALUES (29, 25, 7, TIMESTAMP '2025-03-08 17:04:23', 'Pendiente');
INSERT INTO CRM_USER.VISITAS (IDVISITA, IDCLIENTE, IDEJECUTIVO, FECHAVISITA, RESULTADO)
VALUES (30, 49, 7, TIMESTAMP '2024-12-26 17:04:23', 'Interesado');
INSERT INTO CRM_USER.VISITAS (IDVISITA, IDCLIENTE, IDEJECUTIVO, FECHAVISITA, RESULTADO)
VALUES (31, 27, 4, TIMESTAMP '2025-06-03 17:04:23', 'No interesado');
INSERT INTO CRM_USER.VISITAS (IDVISITA, IDCLIENTE, IDEJECUTIVO, FECHAVISITA, RESULTADO)
VALUES (32, 42, 7, TIMESTAMP '2025-10-20 17:04:23', 'No interesado');
INSERT INTO CRM_USER.VISITAS (IDVISITA, IDCLIENTE, IDEJECUTIVO, FECHAVISITA, RESULTADO)
VALUES (33, 28, 3, TIMESTAMP '2025-08-03 17:04:23', 'Pendiente');
INSERT INTO CRM_USER.VISITAS (IDVISITA, IDCLIENTE, IDEJECUTIVO, FECHAVISITA, RESULTADO)
VALUES (34, 16, 6, TIMESTAMP '2024-10-31 17:04:23', 'No interesado');
INSERT INTO CRM_USER.VISITAS (IDVISITA, IDCLIENTE, IDEJECUTIVO, FECHAVISITA, RESULTADO)
VALUES (35, 15, 2, TIMESTAMP '2025-03-21 17:04:23', 'Interesado');
INSERT INTO CRM_USER.VISITAS (IDVISITA, IDCLIENTE, IDEJECUTIVO, FECHAVISITA, RESULTADO)
VALUES (36, 47, 10, TIMESTAMP '2025-05-02 17:04:23', 'Pendiente');
INSERT INTO CRM_USER.VISITAS (IDVISITA, IDCLIENTE, IDEJECUTIVO, FECHAVISITA, RESULTADO)
VALUES (37, 44, 9, TIMESTAMP '2025-06-03 17:04:23', 'Interesado');
INSERT INTO CRM_USER.VISITAS (IDVISITA, IDCLIENTE, IDEJECUTIVO, FECHAVISITA, RESULTADO)
VALUES (38, 3, 5, TIMESTAMP '2025-08-05 17:04:23', 'Interesado');
INSERT INTO CRM_USER.VISITAS (IDVISITA, IDCLIENTE, IDEJECUTIVO, FECHAVISITA, RESULTADO)
VALUES (39, 37, 6, TIMESTAMP '2025-07-05 17:04:23', 'No interesado');
INSERT INTO CRM_USER.VISITAS (IDVISITA, IDCLIENTE, IDEJECUTIVO, FECHAVISITA, RESULTADO)
VALUES (40, 7, 4, TIMESTAMP '2025-05-04 17:04:23', 'No interesado');
INSERT INTO CRM_USER.VISITAS (IDVISITA, IDCLIENTE, IDEJECUTIVO, FECHAVISITA, RESULTADO)
VALUES (41, 21, 10, TIMESTAMP '2025-09-01 17:04:23', 'No interesado');
INSERT INTO CRM_USER.VISITAS (IDVISITA, IDCLIENTE, IDEJECUTIVO, FECHAVISITA, RESULTADO)
VALUES (42, 9, 7, TIMESTAMP '2025-09-06 17:04:23', 'No interesado');
INSERT INTO CRM_USER.VISITAS (IDVISITA, IDCLIENTE, IDEJECUTIVO, FECHAVISITA, RESULTADO)
VALUES (43, 39, 9, TIMESTAMP '2025-04-12 17:04:23', 'No interesado');
INSERT INTO CRM_USER.VISITAS (IDVISITA, IDCLIENTE, IDEJECUTIVO, FECHAVISITA, RESULTADO)
VALUES (44, 18, 7, TIMESTAMP '2025-09-04 17:04:23', 'Pendiente');
INSERT INTO CRM_USER.VISITAS (IDVISITA, IDCLIENTE, IDEJECUTIVO, FECHAVISITA, RESULTADO)
VALUES (45, 4, 1, TIMESTAMP '2025-04-23 17:04:23', 'Interesado');
INSERT INTO CRM_USER.VISITAS (IDVISITA, IDCLIENTE, IDEJECUTIVO, FECHAVISITA, RESULTADO)
VALUES (46, 25, 1, TIMESTAMP '2025-04-30 17:04:23', 'Interesado');
INSERT INTO CRM_USER.VISITAS (IDVISITA, IDCLIENTE, IDEJECUTIVO, FECHAVISITA, RESULTADO)
VALUES (47, 14, 9, TIMESTAMP '2024-12-18 17:04:23', 'Interesado');
INSERT INTO CRM_USER.VISITAS (IDVISITA, IDCLIENTE, IDEJECUTIVO, FECHAVISITA, RESULTADO)
VALUES (48, 50, 9, TIMESTAMP '2025-06-10 17:04:23', 'Interesado');
INSERT INTO CRM_USER.VISITAS (IDVISITA, IDCLIENTE, IDEJECUTIVO, FECHAVISITA, RESULTADO)
VALUES (49, 9, 4, TIMESTAMP '2025-10-01 17:04:23', 'No interesado');
INSERT INTO CRM_USER.VISITAS (IDVISITA, IDCLIENTE, IDEJECUTIVO, FECHAVISITA, RESULTADO)
VALUES (50, 26, 9, TIMESTAMP '2025-03-02 17:04:23', 'Interesado');
INSERT INTO CRM_USER.VISITAS (IDVISITA, IDCLIENTE, IDEJECUTIVO, FECHAVISITA, RESULTADO)
VALUES (51, 2, 3, TIMESTAMP '2025-01-22 17:04:23', 'Pendiente');
INSERT INTO CRM_USER.VISITAS (IDVISITA, IDCLIENTE, IDEJECUTIVO, FECHAVISITA, RESULTADO)
VALUES (52, 20, 7, TIMESTAMP '2025-08-21 17:04:23', 'Pendiente');
INSERT INTO CRM_USER.VISITAS (IDVISITA, IDCLIENTE, IDEJECUTIVO, FECHAVISITA, RESULTADO)
VALUES (53, 28, 6, TIMESTAMP '2025-04-13 17:04:23', 'Interesado');
INSERT INTO CRM_USER.VISITAS (IDVISITA, IDCLIENTE, IDEJECUTIVO, FECHAVISITA, RESULTADO)
VALUES (54, 47, 8, TIMESTAMP '2025-09-13 17:04:23', 'Interesado');
INSERT INTO CRM_USER.VISITAS (IDVISITA, IDCLIENTE, IDEJECUTIVO, FECHAVISITA, RESULTADO)
VALUES (55, 7, 9, TIMESTAMP '2025-01-14 17:04:23', 'Pendiente');
INSERT INTO CRM_USER.VISITAS (IDVISITA, IDCLIENTE, IDEJECUTIVO, FECHAVISITA, RESULTADO)
VALUES (56, 44, 5, TIMESTAMP '2025-05-26 17:04:23', 'Pendiente');
INSERT INTO CRM_USER.VISITAS (IDVISITA, IDCLIENTE, IDEJECUTIVO, FECHAVISITA, RESULTADO)
VALUES (57, 8, 1, TIMESTAMP '2024-12-06 17:04:23', 'No interesado');
INSERT INTO CRM_USER.VISITAS (IDVISITA, IDCLIENTE, IDEJECUTIVO, FECHAVISITA, RESULTADO)
VALUES (58, 47, 3, TIMESTAMP '2024-12-11 17:04:23', 'Pendiente');
INSERT INTO CRM_USER.VISITAS (IDVISITA, IDCLIENTE, IDEJECUTIVO, FECHAVISITA, RESULTADO)
VALUES (59, 35, 10, TIMESTAMP '2025-04-21 17:04:23', 'No interesado');
INSERT INTO CRM_USER.VISITAS (IDVISITA, IDCLIENTE, IDEJECUTIVO, FECHAVISITA, RESULTADO)
VALUES (60, 14, 8, TIMESTAMP '2025-01-01 17:04:23', 'No interesado');
INSERT INTO CRM_USER.VISITAS (IDVISITA, IDCLIENTE, IDEJECUTIVO, FECHAVISITA, RESULTADO)
VALUES (61, 17, 6, TIMESTAMP '2025-07-17 17:04:23', 'No interesado');
INSERT INTO CRM_USER.VISITAS (IDVISITA, IDCLIENTE, IDEJECUTIVO, FECHAVISITA, RESULTADO)
VALUES (62, 36, 8, TIMESTAMP '2024-10-28 17:04:23', 'No interesado');
INSERT INTO CRM_USER.VISITAS (IDVISITA, IDCLIENTE, IDEJECUTIVO, FECHAVISITA, RESULTADO)
VALUES (63, 50, 9, TIMESTAMP '2025-09-18 17:04:23', 'No interesado');
INSERT INTO CRM_USER.VISITAS (IDVISITA, IDCLIENTE, IDEJECUTIVO, FECHAVISITA, RESULTADO)
VALUES (64, 40, 4, TIMESTAMP '2025-09-30 17:04:23', 'Interesado');
INSERT INTO CRM_USER.VISITAS (IDVISITA, IDCLIENTE, IDEJECUTIVO, FECHAVISITA, RESULTADO)
VALUES (65, 4, 1, TIMESTAMP '2024-11-19 17:04:23', 'Pendiente');
INSERT INTO CRM_USER.VISITAS (IDVISITA, IDCLIENTE, IDEJECUTIVO, FECHAVISITA, RESULTADO)
VALUES (66, 2, 1, TIMESTAMP '2025-06-29 17:04:23', 'No interesado');
INSERT INTO CRM_USER.VISITAS (IDVISITA, IDCLIENTE, IDEJECUTIVO, FECHAVISITA, RESULTADO)
VALUES (67, 6, 10, TIMESTAMP '2025-05-28 17:04:23', 'Pendiente');
INSERT INTO CRM_USER.VISITAS (IDVISITA, IDCLIENTE, IDEJECUTIVO, FECHAVISITA, RESULTADO)
VALUES (68, 42, 4, TIMESTAMP '2025-09-13 17:04:23', 'Pendiente');
INSERT INTO CRM_USER.VISITAS (IDVISITA, IDCLIENTE, IDEJECUTIVO, FECHAVISITA, RESULTADO)
VALUES (69, 4, 7, TIMESTAMP '2025-06-26 17:04:23', 'No interesado');
INSERT INTO CRM_USER.VISITAS (IDVISITA, IDCLIENTE, IDEJECUTIVO, FECHAVISITA, RESULTADO)
VALUES (70, 29, 2, TIMESTAMP '2025-09-02 17:04:23', 'Interesado');
INSERT INTO CRM_USER.VISITAS (IDVISITA, IDCLIENTE, IDEJECUTIVO, FECHAVISITA, RESULTADO)
VALUES (71, 18, 3, TIMESTAMP '2025-04-12 17:04:23', 'No interesado');
INSERT INTO CRM_USER.VISITAS (IDVISITA, IDCLIENTE, IDEJECUTIVO, FECHAVISITA, RESULTADO)
VALUES (72, 26, 1, TIMESTAMP '2025-06-03 17:04:23', 'Interesado');
INSERT INTO CRM_USER.VISITAS (IDVISITA, IDCLIENTE, IDEJECUTIVO, FECHAVISITA, RESULTADO)
VALUES (73, 44, 5, TIMESTAMP '2025-03-05 17:04:23', 'Pendiente');
INSERT INTO CRM_USER.VISITAS (IDVISITA, IDCLIENTE, IDEJECUTIVO, FECHAVISITA, RESULTADO)
VALUES (74, 34, 1, TIMESTAMP '2024-12-02 17:04:23', 'Interesado');
INSERT INTO CRM_USER.VISITAS (IDVISITA, IDCLIENTE, IDEJECUTIVO, FECHAVISITA, RESULTADO)
VALUES (75, 10, 8, TIMESTAMP '2025-04-20 17:04:23', 'Interesado');
INSERT INTO CRM_USER.VISITAS (IDVISITA, IDCLIENTE, IDEJECUTIVO, FECHAVISITA, RESULTADO)
VALUES (76, 36, 1, TIMESTAMP '2025-08-01 17:04:23', 'Interesado');
INSERT INTO CRM_USER.VISITAS (IDVISITA, IDCLIENTE, IDEJECUTIVO, FECHAVISITA, RESULTADO)
VALUES (77, 14, 1, TIMESTAMP '2025-04-17 17:04:23', 'Pendiente');
INSERT INTO CRM_USER.VISITAS (IDVISITA, IDCLIENTE, IDEJECUTIVO, FECHAVISITA, RESULTADO)
VALUES (78, 31, 2, TIMESTAMP '2025-04-25 17:04:23', 'Pendiente');
INSERT INTO CRM_USER.VISITAS (IDVISITA, IDCLIENTE, IDEJECUTIVO, FECHAVISITA, RESULTADO)
VALUES (79, 48, 2, TIMESTAMP '2025-07-08 17:04:23', 'Interesado');
INSERT INTO CRM_USER.VISITAS (IDVISITA, IDCLIENTE, IDEJECUTIVO, FECHAVISITA, RESULTADO)
VALUES (80, 15, 6, TIMESTAMP '2024-11-14 17:04:23', 'Interesado');
INSERT INTO CRM_USER.VISITAS (IDVISITA, IDCLIENTE, IDEJECUTIVO, FECHAVISITA, RESULTADO)
VALUES (81, 8, 7, TIMESTAMP '2025-06-09 17:04:23', 'No interesado');
INSERT INTO CRM_USER.VISITAS (IDVISITA, IDCLIENTE, IDEJECUTIVO, FECHAVISITA, RESULTADO)
VALUES (82, 14, 5, TIMESTAMP '2024-10-29 17:04:23', 'Interesado');
INSERT INTO CRM_USER.VISITAS (IDVISITA, IDCLIENTE, IDEJECUTIVO, FECHAVISITA, RESULTADO)
VALUES (83, 23, 1, TIMESTAMP '2024-11-08 17:04:23', 'No interesado');
INSERT INTO CRM_USER.VISITAS (IDVISITA, IDCLIENTE, IDEJECUTIVO, FECHAVISITA, RESULTADO)
VALUES (84, 40, 1, TIMESTAMP '2024-11-26 17:04:23', 'Interesado');
INSERT INTO CRM_USER.VISITAS (IDVISITA, IDCLIENTE, IDEJECUTIVO, FECHAVISITA, RESULTADO)
VALUES (85, 21, 3, TIMESTAMP '2025-09-17 17:04:23', 'No interesado');
INSERT INTO CRM_USER.VISITAS (IDVISITA, IDCLIENTE, IDEJECUTIVO, FECHAVISITA, RESULTADO)
VALUES (86, 16, 2, TIMESTAMP '2024-12-16 17:04:23', 'Pendiente');
INSERT INTO CRM_USER.VISITAS (IDVISITA, IDCLIENTE, IDEJECUTIVO, FECHAVISITA, RESULTADO)
VALUES (87, 45, 5, TIMESTAMP '2024-12-02 17:04:23', 'Interesado');
INSERT INTO CRM_USER.VISITAS (IDVISITA, IDCLIENTE, IDEJECUTIVO, FECHAVISITA, RESULTADO)
VALUES (88, 18, 10, TIMESTAMP '2025-07-28 17:04:23', 'Interesado');
INSERT INTO CRM_USER.VISITAS (IDVISITA, IDCLIENTE, IDEJECUTIVO, FECHAVISITA, RESULTADO)
VALUES (89, 47, 6, TIMESTAMP '2025-01-23 17:04:23', 'Interesado');
INSERT INTO CRM_USER.VISITAS (IDVISITA, IDCLIENTE, IDEJECUTIVO, FECHAVISITA, RESULTADO)
VALUES (90, 24, 7, TIMESTAMP '2025-06-20 17:04:23', 'Interesado');
INSERT INTO CRM_USER.VISITAS (IDVISITA, IDCLIENTE, IDEJECUTIVO, FECHAVISITA, RESULTADO)
VALUES (91, 26, 4, TIMESTAMP '2025-08-01 17:04:23', 'No interesado');
INSERT INTO CRM_USER.VISITAS (IDVISITA, IDCLIENTE, IDEJECUTIVO, FECHAVISITA, RESULTADO)
VALUES (92, 25, 7, TIMESTAMP '2025-03-01 17:04:23', 'Interesado');
INSERT INTO CRM_USER.VISITAS (IDVISITA, IDCLIENTE, IDEJECUTIVO, FECHAVISITA, RESULTADO)
VALUES (93, 45, 8, TIMESTAMP '2025-04-12 17:04:23', 'Pendiente');
INSERT INTO CRM_USER.VISITAS (IDVISITA, IDCLIENTE, IDEJECUTIVO, FECHAVISITA, RESULTADO)
VALUES (94, 41, 1, TIMESTAMP '2025-06-07 17:04:23', 'Pendiente');
INSERT INTO CRM_USER.VISITAS (IDVISITA, IDCLIENTE, IDEJECUTIVO, FECHAVISITA, RESULTADO)
VALUES (95, 29, 6, TIMESTAMP '2024-11-30 17:04:23', 'Interesado');
INSERT INTO CRM_USER.VISITAS (IDVISITA, IDCLIENTE, IDEJECUTIVO, FECHAVISITA, RESULTADO)
VALUES (96, 15, 8, TIMESTAMP '2024-11-05 17:04:23', 'Pendiente');
INSERT INTO CRM_USER.VISITAS (IDVISITA, IDCLIENTE, IDEJECUTIVO, FECHAVISITA, RESULTADO)
VALUES (97, 45, 5, TIMESTAMP '2025-01-11 17:04:23', 'Interesado');
INSERT INTO CRM_USER.VISITAS (IDVISITA, IDCLIENTE, IDEJECUTIVO, FECHAVISITA, RESULTADO)
VALUES (98, 1, 4, TIMESTAMP '2025-07-03 17:04:23', 'Interesado');
INSERT INTO CRM_USER.VISITAS (IDVISITA, IDCLIENTE, IDEJECUTIVO, FECHAVISITA, RESULTADO)
VALUES (99, 25, 2, TIMESTAMP '2024-11-07 17:04:23', 'Pendiente');
INSERT INTO CRM_USER.VISITAS (IDVISITA, IDCLIENTE, IDEJECUTIVO, FECHAVISITA, RESULTADO)
VALUES (100, 7, 6, TIMESTAMP '2025-05-10 17:04:23', 'Interesado');
INSERT INTO CRM_USER.VISITAS (IDVISITA, IDCLIENTE, IDEJECUTIVO, FECHAVISITA, RESULTADO)
VALUES (101, 9, 6, TIMESTAMP '2025-09-25 17:04:23', 'Pendiente');
INSERT INTO CRM_USER.VISITAS (IDVISITA, IDCLIENTE, IDEJECUTIVO, FECHAVISITA, RESULTADO)
VALUES (102, 24, 1, TIMESTAMP '2025-06-28 17:04:23', 'No interesado');
INSERT INTO CRM_USER.VISITAS (IDVISITA, IDCLIENTE, IDEJECUTIVO, FECHAVISITA, RESULTADO)
VALUES (103, 1, 9, TIMESTAMP '2025-10-07 17:04:23', 'Interesado');
INSERT INTO CRM_USER.VISITAS (IDVISITA, IDCLIENTE, IDEJECUTIVO, FECHAVISITA, RESULTADO)
VALUES (104, 44, 6, TIMESTAMP '2025-05-15 17:04:23', 'No interesado');
INSERT INTO CRM_USER.VISITAS (IDVISITA, IDCLIENTE, IDEJECUTIVO, FECHAVISITA, RESULTADO)
VALUES (105, 8, 3, TIMESTAMP '2025-04-01 17:04:23', 'Pendiente');
INSERT INTO CRM_USER.VISITAS (IDVISITA, IDCLIENTE, IDEJECUTIVO, FECHAVISITA, RESULTADO)
VALUES (106, 24, 4, TIMESTAMP '2025-06-08 17:04:23', 'No interesado');
INSERT INTO CRM_USER.VISITAS (IDVISITA, IDCLIENTE, IDEJECUTIVO, FECHAVISITA, RESULTADO)
VALUES (107, 11, 4, TIMESTAMP '2025-09-20 17:04:23', 'No interesado');
INSERT INTO CRM_USER.VISITAS (IDVISITA, IDCLIENTE, IDEJECUTIVO, FECHAVISITA, RESULTADO)
VALUES (108, 17, 3, TIMESTAMP '2025-07-07 17:04:23', 'Pendiente');
INSERT INTO CRM_USER.VISITAS (IDVISITA, IDCLIENTE, IDEJECUTIVO, FECHAVISITA, RESULTADO)
VALUES (109, 8, 10, TIMESTAMP '2025-01-06 17:04:23', 'No interesado');
INSERT INTO CRM_USER.VISITAS (IDVISITA, IDCLIENTE, IDEJECUTIVO, FECHAVISITA, RESULTADO)
VALUES (110, 35, 3, TIMESTAMP '2025-05-15 17:04:23', 'No interesado');
INSERT INTO CRM_USER.VISITAS (IDVISITA, IDCLIENTE, IDEJECUTIVO, FECHAVISITA, RESULTADO)
VALUES (111, 35, 3, TIMESTAMP '2025-07-07 17:04:23', 'Pendiente');
INSERT INTO CRM_USER.VISITAS (IDVISITA, IDCLIENTE, IDEJECUTIVO, FECHAVISITA, RESULTADO)
VALUES (112, 33, 4, TIMESTAMP '2024-11-22 17:04:23', 'No interesado');
INSERT INTO CRM_USER.VISITAS (IDVISITA, IDCLIENTE, IDEJECUTIVO, FECHAVISITA, RESULTADO)
VALUES (113, 5, 7, TIMESTAMP '2025-02-10 17:04:23', 'Pendiente');
INSERT INTO CRM_USER.VISITAS (IDVISITA, IDCLIENTE, IDEJECUTIVO, FECHAVISITA, RESULTADO)
VALUES (114, 42, 4, TIMESTAMP '2025-04-04 17:04:23', 'No interesado');
INSERT INTO CRM_USER.VISITAS (IDVISITA, IDCLIENTE, IDEJECUTIVO, FECHAVISITA, RESULTADO)
VALUES (115, 39, 9, TIMESTAMP '2024-11-28 17:04:23', 'Pendiente');
INSERT INTO CRM_USER.VISITAS (IDVISITA, IDCLIENTE, IDEJECUTIVO, FECHAVISITA, RESULTADO)
VALUES (116, 41, 1, TIMESTAMP '2025-03-03 17:04:23', 'Pendiente');
INSERT INTO CRM_USER.VISITAS (IDVISITA, IDCLIENTE, IDEJECUTIVO, FECHAVISITA, RESULTADO)
VALUES (117, 28, 8, TIMESTAMP '2025-08-11 17:04:23', 'No interesado');
INSERT INTO CRM_USER.VISITAS (IDVISITA, IDCLIENTE, IDEJECUTIVO, FECHAVISITA, RESULTADO)
VALUES (118, 7, 7, TIMESTAMP '2025-06-10 17:04:23', 'No interesado');
INSERT INTO CRM_USER.VISITAS (IDVISITA, IDCLIENTE, IDEJECUTIVO, FECHAVISITA, RESULTADO)
VALUES (119, 9, 2, TIMESTAMP '2025-08-13 17:04:23', 'No interesado');
INSERT INTO CRM_USER.VISITAS (IDVISITA, IDCLIENTE, IDEJECUTIVO, FECHAVISITA, RESULTADO)
VALUES (120, 8, 8, TIMESTAMP '2025-06-19 17:04:23', 'Interesado');
COMMIT;

-- =========================================
-- INSERTAR DATOS EN VENTAS
-- =========================================
INSERT INTO CRM_USER.VENTAS (IDVENTA, IDCLIENTE, FECHAVENTA, MONTO, PRODUCTO)
VALUES (1, 40, TIMESTAMP '2025-01-09 17:04:23', 7753.00, 'Seguro');
INSERT INTO CRM_USER.VENTAS (IDVENTA, IDCLIENTE, FECHAVENTA, MONTO, PRODUCTO)
VALUES (2, 33, TIMESTAMP '2025-01-21 17:04:23', 19628.00, 'Prestamo');
INSERT INTO CRM_USER.VENTAS (IDVENTA, IDCLIENTE, FECHAVENTA, MONTO, PRODUCTO)
VALUES (3, 9, TIMESTAMP '2025-06-11 17:04:23', 28432.00, 'Tarjeta');
INSERT INTO CRM_USER.VENTAS (IDVENTA, IDCLIENTE, FECHAVENTA, MONTO, PRODUCTO)
VALUES (4, 43, TIMESTAMP '2024-12-28 17:04:23', 9935.00, 'Tarjeta');
INSERT INTO CRM_USER.VENTAS (IDVENTA, IDCLIENTE, FECHAVENTA, MONTO, PRODUCTO)
VALUES (5, 48, TIMESTAMP '2025-03-18 17:04:23', 44578.00, 'Seguro');
INSERT INTO CRM_USER.VENTAS (IDVENTA, IDCLIENTE, FECHAVENTA, MONTO, PRODUCTO)
VALUES (6, 39, TIMESTAMP '2024-12-29 17:04:23', 13796.00, 'Seguro');
INSERT INTO CRM_USER.VENTAS (IDVENTA, IDCLIENTE, FECHAVENTA, MONTO, PRODUCTO)
VALUES (7, 29, TIMESTAMP '2025-04-02 17:04:23', 30945.00, 'Cuenta');
INSERT INTO CRM_USER.VENTAS (IDVENTA, IDCLIENTE, FECHAVENTA, MONTO, PRODUCTO)
VALUES (8, 42, TIMESTAMP '2025-04-21 17:04:23', 13745.00, 'Tarjeta');
INSERT INTO CRM_USER.VENTAS (IDVENTA, IDCLIENTE, FECHAVENTA, MONTO, PRODUCTO)
VALUES (9, 26, TIMESTAMP '2025-07-03 17:04:23', 29624.00, 'Cuenta');
INSERT INTO CRM_USER.VENTAS (IDVENTA, IDCLIENTE, FECHAVENTA, MONTO, PRODUCTO)
VALUES (10, 35, TIMESTAMP '2025-08-14 17:04:23', 30399.00, 'Seguro');
INSERT INTO CRM_USER.VENTAS (IDVENTA, IDCLIENTE, FECHAVENTA, MONTO, PRODUCTO)
VALUES (11, 50, TIMESTAMP '2025-02-05 17:04:23', 44419.00, 'Seguro');
INSERT INTO CRM_USER.VENTAS (IDVENTA, IDCLIENTE, FECHAVENTA, MONTO, PRODUCTO)
VALUES (12, 25, TIMESTAMP '2025-02-13 17:04:23', 43725.00, 'Prestamo');
INSERT INTO CRM_USER.VENTAS (IDVENTA, IDCLIENTE, FECHAVENTA, MONTO, PRODUCTO)
VALUES (13, 24, TIMESTAMP '2025-09-07 17:04:23', 35747.00, 'Tarjeta');
INSERT INTO CRM_USER.VENTAS (IDVENTA, IDCLIENTE, FECHAVENTA, MONTO, PRODUCTO)
VALUES (14, 13, TIMESTAMP '2025-09-29 17:04:23', 29722.00, 'Cuenta');
INSERT INTO CRM_USER.VENTAS (IDVENTA, IDCLIENTE, FECHAVENTA, MONTO, PRODUCTO)
VALUES (15, 7, TIMESTAMP '2025-08-28 17:04:23', 26711.00, 'Seguro');
INSERT INTO CRM_USER.VENTAS (IDVENTA, IDCLIENTE, FECHAVENTA, MONTO, PRODUCTO)
VALUES (16, 36, TIMESTAMP '2025-08-06 17:04:23', 37720.00, 'Seguro');
INSERT INTO CRM_USER.VENTAS (IDVENTA, IDCLIENTE, FECHAVENTA, MONTO, PRODUCTO)
VALUES (17, 45, TIMESTAMP '2024-12-06 17:04:23', 27146.00, 'Cuenta');
INSERT INTO CRM_USER.VENTAS (IDVENTA, IDCLIENTE, FECHAVENTA, MONTO, PRODUCTO)
VALUES (18, 20, TIMESTAMP '2025-08-03 17:04:23', 39149.00, 'Prestamo');
INSERT INTO CRM_USER.VENTAS (IDVENTA, IDCLIENTE, FECHAVENTA, MONTO, PRODUCTO)
VALUES (19, 1, TIMESTAMP '2024-11-09 17:04:23', 23549.00, 'Seguro');
INSERT INTO CRM_USER.VENTAS (IDVENTA, IDCLIENTE, FECHAVENTA, MONTO, PRODUCTO)
VALUES (20, 8, TIMESTAMP '2025-03-21 17:04:23', 14569.00, 'Tarjeta');
INSERT INTO CRM_USER.VENTAS (IDVENTA, IDCLIENTE, FECHAVENTA, MONTO, PRODUCTO)
VALUES (21, 46, TIMESTAMP '2024-12-22 17:04:23', 33080.00, 'Seguro');
INSERT INTO CRM_USER.VENTAS (IDVENTA, IDCLIENTE, FECHAVENTA, MONTO, PRODUCTO)
VALUES (22, 16, TIMESTAMP '2025-09-21 17:04:23', 32343.00, 'Tarjeta');
INSERT INTO CRM_USER.VENTAS (IDVENTA, IDCLIENTE, FECHAVENTA, MONTO, PRODUCTO)
VALUES (23, 14, TIMESTAMP '2025-04-09 17:04:23', 3349.00, 'Cuenta');
INSERT INTO CRM_USER.VENTAS (IDVENTA, IDCLIENTE, FECHAVENTA, MONTO, PRODUCTO)
VALUES (24, 12, TIMESTAMP '2025-04-11 17:04:23', 40658.00, 'Tarjeta');
INSERT INTO CRM_USER.VENTAS (IDVENTA, IDCLIENTE, FECHAVENTA, MONTO, PRODUCTO)
VALUES (25, 23, TIMESTAMP '2024-12-22 17:04:23', 23789.00, 'Cuenta');
INSERT INTO CRM_USER.VENTAS (IDVENTA, IDCLIENTE, FECHAVENTA, MONTO, PRODUCTO)
VALUES (26, 15, TIMESTAMP '2025-02-26 17:04:23', 45190.00, 'Tarjeta');
INSERT INTO CRM_USER.VENTAS (IDVENTA, IDCLIENTE, FECHAVENTA, MONTO, PRODUCTO)
VALUES (27, 28, TIMESTAMP '2025-01-26 17:04:23', 35757.00, 'Cuenta');
INSERT INTO CRM_USER.VENTAS (IDVENTA, IDCLIENTE, FECHAVENTA, MONTO, PRODUCTO)
VALUES (28, 34, TIMESTAMP '2025-06-17 17:04:23', 10323.00, 'Tarjeta');
INSERT INTO CRM_USER.VENTAS (IDVENTA, IDCLIENTE, FECHAVENTA, MONTO, PRODUCTO)
VALUES (29, 2, TIMESTAMP '2025-01-13 17:04:23', 42475.00, 'Prestamo');
INSERT INTO CRM_USER.VENTAS (IDVENTA, IDCLIENTE, FECHAVENTA, MONTO, PRODUCTO)
VALUES (30, 32, TIMESTAMP '2025-10-18 17:04:23', 10040.00, 'Tarjeta');
INSERT INTO CRM_USER.VENTAS (IDVENTA, IDCLIENTE, FECHAVENTA, MONTO, PRODUCTO)
VALUES (31, 23, TIMESTAMP '2024-11-09 17:04:23', 16864.00, 'Tarjeta');
INSERT INTO CRM_USER.VENTAS (IDVENTA, IDCLIENTE, FECHAVENTA, MONTO, PRODUCTO)
VALUES (32, 22, TIMESTAMP '2025-08-26 17:04:23', 5111.00, 'Prestamo');
INSERT INTO CRM_USER.VENTAS (IDVENTA, IDCLIENTE, FECHAVENTA, MONTO, PRODUCTO)
VALUES (33, 25, TIMESTAMP '2024-11-08 17:04:23', 28163.00, 'Seguro');
INSERT INTO CRM_USER.VENTAS (IDVENTA, IDCLIENTE, FECHAVENTA, MONTO, PRODUCTO)
VALUES (34, 22, TIMESTAMP '2025-01-22 17:04:23', 39146.00, 'Seguro');
INSERT INTO CRM_USER.VENTAS (IDVENTA, IDCLIENTE, FECHAVENTA, MONTO, PRODUCTO)
VALUES (35, 22, TIMESTAMP '2025-06-09 17:04:23', 31477.00, 'Tarjeta');
INSERT INTO CRM_USER.VENTAS (IDVENTA, IDCLIENTE, FECHAVENTA, MONTO, PRODUCTO)
VALUES (36, 49, TIMESTAMP '2024-11-29 17:04:23', 29668.00, 'Prestamo');
INSERT INTO CRM_USER.VENTAS (IDVENTA, IDCLIENTE, FECHAVENTA, MONTO, PRODUCTO)
VALUES (37, 42, TIMESTAMP '2025-05-02 17:04:23', 49615.00, 'Tarjeta');
INSERT INTO CRM_USER.VENTAS (IDVENTA, IDCLIENTE, FECHAVENTA, MONTO, PRODUCTO)
VALUES (38, 6, TIMESTAMP '2025-08-27 17:04:23', 25971.00, 'Cuenta');
INSERT INTO CRM_USER.VENTAS (IDVENTA, IDCLIENTE, FECHAVENTA, MONTO, PRODUCTO)
VALUES (39, 15, TIMESTAMP '2025-05-26 17:04:23', 23187.00, 'Cuenta');
INSERT INTO CRM_USER.VENTAS (IDVENTA, IDCLIENTE, FECHAVENTA, MONTO, PRODUCTO)
VALUES (40, 43, TIMESTAMP '2025-03-15 17:04:23', 1351.00, 'Tarjeta');
INSERT INTO CRM_USER.VENTAS (IDVENTA, IDCLIENTE, FECHAVENTA, MONTO, PRODUCTO)
VALUES (41, 37, TIMESTAMP '2025-08-04 17:04:23', 18571.00, 'Seguro');
INSERT INTO CRM_USER.VENTAS (IDVENTA, IDCLIENTE, FECHAVENTA, MONTO, PRODUCTO)
VALUES (42, 33, TIMESTAMP '2025-03-05 17:04:23', 7333.00, 'Seguro');
INSERT INTO CRM_USER.VENTAS (IDVENTA, IDCLIENTE, FECHAVENTA, MONTO, PRODUCTO)
VALUES (43, 8, TIMESTAMP '2025-10-22 17:04:23', 12438.00, 'Tarjeta');
INSERT INTO CRM_USER.VENTAS (IDVENTA, IDCLIENTE, FECHAVENTA, MONTO, PRODUCTO)
VALUES (44, 44, TIMESTAMP '2025-06-11 17:04:23', 35695.00, 'Tarjeta');
INSERT INTO CRM_USER.VENTAS (IDVENTA, IDCLIENTE, FECHAVENTA, MONTO, PRODUCTO)
VALUES (45, 44, TIMESTAMP '2025-02-09 17:04:23', 26644.00, 'Cuenta');
INSERT INTO CRM_USER.VENTAS (IDVENTA, IDCLIENTE, FECHAVENTA, MONTO, PRODUCTO)
VALUES (46, 5, TIMESTAMP '2025-07-24 17:04:23', 4500.00, 'Seguro');
INSERT INTO CRM_USER.VENTAS (IDVENTA, IDCLIENTE, FECHAVENTA, MONTO, PRODUCTO)
VALUES (47, 39, TIMESTAMP '2025-02-06 17:04:23', 5552.00, 'Tarjeta');
INSERT INTO CRM_USER.VENTAS (IDVENTA, IDCLIENTE, FECHAVENTA, MONTO, PRODUCTO)
VALUES (48, 4, TIMESTAMP '2025-08-30 17:04:23', 36006.00, 'Cuenta');
INSERT INTO CRM_USER.VENTAS (IDVENTA, IDCLIENTE, FECHAVENTA, MONTO, PRODUCTO)
VALUES (49, 6, TIMESTAMP '2024-12-07 17:04:23', 28574.00, 'Seguro');
INSERT INTO CRM_USER.VENTAS (IDVENTA, IDCLIENTE, FECHAVENTA, MONTO, PRODUCTO)
VALUES (50, 45, TIMESTAMP '2025-05-24 17:04:23', 38655.00, 'Prestamo');
INSERT INTO CRM_USER.VENTAS (IDVENTA, IDCLIENTE, FECHAVENTA, MONTO, PRODUCTO)
VALUES (51, 32, TIMESTAMP '2024-11-30 17:04:23', 41270.00, 'Cuenta');
INSERT INTO CRM_USER.VENTAS (IDVENTA, IDCLIENTE, FECHAVENTA, MONTO, PRODUCTO)
VALUES (52, 30, TIMESTAMP '2025-02-06 17:04:23', 32820.00, 'Seguro');
INSERT INTO CRM_USER.VENTAS (IDVENTA, IDCLIENTE, FECHAVENTA, MONTO, PRODUCTO)
VALUES (53, 47, TIMESTAMP '2024-12-16 17:04:23', 38804.00, 'Seguro');
INSERT INTO CRM_USER.VENTAS (IDVENTA, IDCLIENTE, FECHAVENTA, MONTO, PRODUCTO)
VALUES (54, 35, TIMESTAMP '2025-07-14 17:04:23', 46747.00, 'Cuenta');
INSERT INTO CRM_USER.VENTAS (IDVENTA, IDCLIENTE, FECHAVENTA, MONTO, PRODUCTO)
VALUES (55, 40, TIMESTAMP '2025-08-06 17:04:23', 4413.00, 'Prestamo');
INSERT INTO CRM_USER.VENTAS (IDVENTA, IDCLIENTE, FECHAVENTA, MONTO, PRODUCTO)
VALUES (56, 16, TIMESTAMP '2025-04-15 17:04:23', 17950.00, 'Cuenta');
INSERT INTO CRM_USER.VENTAS (IDVENTA, IDCLIENTE, FECHAVENTA, MONTO, PRODUCTO)
VALUES (57, 13, TIMESTAMP '2025-08-02 17:04:23', 24607.00, 'Seguro');
INSERT INTO CRM_USER.VENTAS (IDVENTA, IDCLIENTE, FECHAVENTA, MONTO, PRODUCTO)
VALUES (58, 50, TIMESTAMP '2025-01-20 17:04:23', 21264.00, 'Tarjeta');
INSERT INTO CRM_USER.VENTAS (IDVENTA, IDCLIENTE, FECHAVENTA, MONTO, PRODUCTO)
VALUES (59, 42, TIMESTAMP '2025-01-25 17:04:23', 43904.00, 'Tarjeta');
INSERT INTO CRM_USER.VENTAS (IDVENTA, IDCLIENTE, FECHAVENTA, MONTO, PRODUCTO)
VALUES (60, 30, TIMESTAMP '2025-10-23 17:04:23', 20991.00, 'Cuenta');
INSERT INTO CRM_USER.VENTAS (IDVENTA, IDCLIENTE, FECHAVENTA, MONTO, PRODUCTO)
VALUES (61, 19, TIMESTAMP '2024-12-21 17:04:23', 38994.00, 'Seguro');
INSERT INTO CRM_USER.VENTAS (IDVENTA, IDCLIENTE, FECHAVENTA, MONTO, PRODUCTO)
VALUES (62, 17, TIMESTAMP '2025-05-11 17:04:23', 3873.00, 'Tarjeta');
INSERT INTO CRM_USER.VENTAS (IDVENTA, IDCLIENTE, FECHAVENTA, MONTO, PRODUCTO)
VALUES (63, 19, TIMESTAMP '2025-02-15 17:04:23', 12661.00, 'Seguro');
INSERT INTO CRM_USER.VENTAS (IDVENTA, IDCLIENTE, FECHAVENTA, MONTO, PRODUCTO)
VALUES (64, 28, TIMESTAMP '2025-10-14 17:04:23', 32496.00, 'Cuenta');
INSERT INTO CRM_USER.VENTAS (IDVENTA, IDCLIENTE, FECHAVENTA, MONTO, PRODUCTO)
VALUES (65, 26, TIMESTAMP '2025-08-27 17:04:23', 27622.00, 'Tarjeta');
INSERT INTO CRM_USER.VENTAS (IDVENTA, IDCLIENTE, FECHAVENTA, MONTO, PRODUCTO)
VALUES (66, 37, TIMESTAMP '2025-04-21 17:04:23', 35350.00, 'Seguro');
INSERT INTO CRM_USER.VENTAS (IDVENTA, IDCLIENTE, FECHAVENTA, MONTO, PRODUCTO)
VALUES (67, 26, TIMESTAMP '2025-05-19 17:04:23', 27850.00, 'Tarjeta');
INSERT INTO CRM_USER.VENTAS (IDVENTA, IDCLIENTE, FECHAVENTA, MONTO, PRODUCTO)
VALUES (68, 23, TIMESTAMP '2025-06-23 17:04:23', 27972.00, 'Cuenta');
INSERT INTO CRM_USER.VENTAS (IDVENTA, IDCLIENTE, FECHAVENTA, MONTO, PRODUCTO)
VALUES (69, 9, TIMESTAMP '2025-09-24 17:04:23', 29261.00, 'Seguro');
INSERT INTO CRM_USER.VENTAS (IDVENTA, IDCLIENTE, FECHAVENTA, MONTO, PRODUCTO)
VALUES (70, 12, TIMESTAMP '2025-06-22 17:04:23', 25851.00, 'Tarjeta');
INSERT INTO CRM_USER.VENTAS (IDVENTA, IDCLIENTE, FECHAVENTA, MONTO, PRODUCTO)
VALUES (71, 1, TIMESTAMP '2025-01-06 17:04:23', 23632.00, 'Cuenta');
INSERT INTO CRM_USER.VENTAS (IDVENTA, IDCLIENTE, FECHAVENTA, MONTO, PRODUCTO)
VALUES (72, 1, TIMESTAMP '2025-09-13 17:04:23', 49549.00, 'Tarjeta');
INSERT INTO CRM_USER.VENTAS (IDVENTA, IDCLIENTE, FECHAVENTA, MONTO, PRODUCTO)
VALUES (73, 47, TIMESTAMP '2025-09-10 17:04:23', 15805.00, 'Tarjeta');
INSERT INTO CRM_USER.VENTAS (IDVENTA, IDCLIENTE, FECHAVENTA, MONTO, PRODUCTO)
VALUES (74, 34, TIMESTAMP '2025-02-17 17:04:23', 10317.00, 'Prestamo');
INSERT INTO CRM_USER.VENTAS (IDVENTA, IDCLIENTE, FECHAVENTA, MONTO, PRODUCTO)
VALUES (75, 32, TIMESTAMP '2025-09-18 17:04:23', 11761.00, 'Prestamo');
INSERT INTO CRM_USER.VENTAS (IDVENTA, IDCLIENTE, FECHAVENTA, MONTO, PRODUCTO)
VALUES (76, 48, TIMESTAMP '2025-01-24 17:04:23', 917.00, 'Cuenta');
INSERT INTO CRM_USER.VENTAS (IDVENTA, IDCLIENTE, FECHAVENTA, MONTO, PRODUCTO)
VALUES (77, 25, TIMESTAMP '2025-08-20 17:04:23', 42076.00, 'Prestamo');
INSERT INTO CRM_USER.VENTAS (IDVENTA, IDCLIENTE, FECHAVENTA, MONTO, PRODUCTO)
VALUES (78, 40, TIMESTAMP '2025-08-19 17:04:23', 20858.00, 'Cuenta');
INSERT INTO CRM_USER.VENTAS (IDVENTA, IDCLIENTE, FECHAVENTA, MONTO, PRODUCTO)
VALUES (79, 45, TIMESTAMP '2024-11-20 17:04:23', 3767.00, 'Prestamo');
INSERT INTO CRM_USER.VENTAS (IDVENTA, IDCLIENTE, FECHAVENTA, MONTO, PRODUCTO)
VALUES (80, 1, TIMESTAMP '2025-02-22 17:04:23', 17709.00, 'Tarjeta');
INSERT INTO CRM_USER.VENTAS (IDVENTA, IDCLIENTE, FECHAVENTA, MONTO, PRODUCTO)
VALUES (81, 16, TIMESTAMP '2025-01-15 17:04:23', 24552.00, 'Cuenta');
INSERT INTO CRM_USER.VENTAS (IDVENTA, IDCLIENTE, FECHAVENTA, MONTO, PRODUCTO)
VALUES (82, 39, TIMESTAMP '2025-07-31 17:04:23', 39013.00, 'Cuenta');
INSERT INTO CRM_USER.VENTAS (IDVENTA, IDCLIENTE, FECHAVENTA, MONTO, PRODUCTO)
VALUES (83, 5, TIMESTAMP '2025-06-10 17:04:23', 26592.00, 'Tarjeta');
INSERT INTO CRM_USER.VENTAS (IDVENTA, IDCLIENTE, FECHAVENTA, MONTO, PRODUCTO)
VALUES (84, 22, TIMESTAMP '2025-01-26 17:04:23', 11838.00, 'Cuenta');
INSERT INTO CRM_USER.VENTAS (IDVENTA, IDCLIENTE, FECHAVENTA, MONTO, PRODUCTO)
VALUES (85, 29, TIMESTAMP '2024-12-17 17:04:23', 912.00, 'Cuenta');
INSERT INTO CRM_USER.VENTAS (IDVENTA, IDCLIENTE, FECHAVENTA, MONTO, PRODUCTO)
VALUES (86, 3, TIMESTAMP '2025-03-21 17:04:23', 8043.00, 'Prestamo');
INSERT INTO CRM_USER.VENTAS (IDVENTA, IDCLIENTE, FECHAVENTA, MONTO, PRODUCTO)
VALUES (87, 12, TIMESTAMP '2025-07-07 17:04:23', 40855.00, 'Cuenta');
INSERT INTO CRM_USER.VENTAS (IDVENTA, IDCLIENTE, FECHAVENTA, MONTO, PRODUCTO)
VALUES (88, 26, TIMESTAMP '2025-01-20 17:04:23', 33996.00, 'Seguro');
INSERT INTO CRM_USER.VENTAS (IDVENTA, IDCLIENTE, FECHAVENTA, MONTO, PRODUCTO)
VALUES (89, 16, TIMESTAMP '2024-11-04 17:04:23', 24048.00, 'Tarjeta');
COMMIT;
